"1","test","test3","201910141114","hi","asdfqwe"
"2","test1","test1","201910141114","hi","asdf"
"3","test2","test2","201910141114","hi","zxcv"
"4","test3","test3","201910141114","hi","zxcvasdf"
"5","test4","test4","201910141114","qwerqwtwr","qwer123"
"6","test5","test5","201910141114","asdfzcv",
"7","test6","test6","201910141114","akdfmkalsfkdqwer",
"8","test7","test7","201910141114","sdfgxcvbhnjmk,",
"9","test8","test8","201910141114","안ㄴㅇㅇ혓",
"10","test9","test9","201910141114","ihihiiqwmerkl",
"14","test1",,"20191028111423",,
"15","test2",,"20191028112736",,
